,Tweets,date,source,likes,retweet,image_url,sentiment
0,Chilly overnight temperatures tonight will result in some frost advisories and freeze warnings for parts of the lower Ohio Valley and northern Mid-Atlantic.pic.twitter.com/i6MKL5WhlM,2018-10-18 20:48:12,https://twitter.com/NWS/status/1053085371851067393,60,27,https://pbs.twimg.com/media/Dp1PidLWoAAOG3f.jpg,-1
1,"Gravity waves can form in the atmosphere during storms, as a result of destabilizing processes such as weather fronts. See how gravity waves travel thousands of miles across our atmosphere.https://twitter.com/NASAEarth/status/1053039159265263616 …",2018-10-18 18:08:19,https://twitter.com/NWS/status/1053045134932303873,306,134,,0
2,"Not an uncommon issue, taking shelter from one hazard may leave you susceptible to another... # DropCoverKisses. # ShakeOut # GreatShakeOutpic.twitter.com/sAI3Pt9rC8",2018-10-18 13:18:00,https://twitter.com/NWS/status/1052972074212446211,217,46,https://pbs.twimg.com/media/DpzF0uqU8AAsWx6.jpg,1
3,What you need to know about our 2018-19 # WinterOutlook. (Video with captions: https://www.climate.gov/news-features/videos/noaas-mike-halpert-explains-2018-19-us-winter-outlook …)pic.twitter.com/OKFB49b7BP,2018-10-18 11:29:53,https://twitter.com/NWS/status/1052944866534088704,308,245,,0
4,"At 10:18am, Join # ShakeOut. # DropCoverHoldOn. At the coast? Practice tsunami evacuation. https://youtu.be/LTpd3gGEC-c # TsunamiPreppic.twitter.com/qLMmVnzrFw",2018-10-18 08:55:00,https://twitter.com/NWS/status/1052905887839477762,84,63,https://pbs.twimg.com/media/Dpj4gveWkAUwCd9.png,0
5,"Frost can be annoying to scrape off your car, but did you ever think about how it got there? Watch this video for a little # FrostScience: http://youtu.be/HBn1oSWu2nE pic.twitter.com/kKN1MJMUSX",2018-10-18 08:17:27,https://twitter.com/NWS/status/1052896439716732929,136,79,,-1
6,"Here is a look at the Climate Prediction Center's 6-10 day outlook. Above average temperatures are expected in most of the west and portions of the Gulf Coast, and below average temperatures east of the Plains.pic.twitter.com/SjviJ5dJBf",2018-10-17 21:37:59,https://twitter.com/NWS/status/1052735511742308352,202,127,https://pbs.twimg.com/media/DpwQMf0W0AA4W2B.jpg,1
7,Ever?!?!,2018-10-17 16:20:59,https://twitter.com/NWS/status/1052655737263050752,2,0,,0
8,That's a nice look. # NoNamedStormspic.twitter.com/cpmz7ayBM4,2018-10-17 16:14:18,https://twitter.com/NWS/status/1052654052876664837,371,99,,1
9,"Are you ready to # ShakeOut? Tomorrow at 10:18 is the ShakeOut, the world’s largest earthquake drill. If you are at the coast, a quake could be followed by a tsunami. Include tsunamis in your drill & register online! http://www.ShakeOut.org | http://weather.gov/tsunamisafety # TsunamiPreppic.twitter.com/wo9LDNf4mF",2018-10-17 11:57:00,https://twitter.com/NWS/status/1052589302536912897,138,114,https://pbs.twimg.com/media/Dpj4KxUWsAANwPB.png,1
10,FREEZING temperatures are expected tonight and early Thursday morning across several states. Take action to protect sensitive vegetation. # CoverYourTenders http://weather.gov pic.twitter.com/0ljMClVpaJ,2018-10-17 10:49:54,https://twitter.com/NWS/status/1052572414729707521,49,29,https://pbs.twimg.com/media/Dpt81X1U4AEr3Rt.jpg,1
11,Certainly make a judgement call depending on what kind of road you are on.,2018-10-16 21:59:14,https://twitter.com/NWS/status/1052378470964178944,1,0,,1
12,A quiet Atlantic Tropical Basin is a welcome sight.https://twitter.com/NWSCorpus/status/1052343267508068353 …,2018-10-16 21:02:47,https://twitter.com/NWS/status/1052364266890821633,731,146,,1
13,"Near record flooding on the Llano River following several days of persistent, heavy rainfall. Remember, if you encounter a flooded road # TurnAroundDontDrownhttps://twitter.com/NWSSanAntonio/status/1052301308873584640 …",2018-10-16 17:29:13,https://twitter.com/NWS/status/1052310520748003328,38,26,,-1
14,"A serious flooding situation continues to develop across parts of south and central Texas this morning, with a number of rivers seeing MAJOR flooding (pink points). Some are under evacuation orders. Follow orders & NEVER drive or walk through floodwaters. http://weather.gov pic.twitter.com/bzakWULy3U",2018-10-16 11:48:44,https://twitter.com/NWS/status/1052224833851932672,51,46,https://pbs.twimg.com/media/DppAVkEU8AEQ3oz.jpg,-1
15,"Ongoing, life-threatening flash and river flooding occurring across parts of Texas this morning. Obey evacuation orders, and NEVER drive or walk through floodwaters. Turn around, don't drown. http://weather.gov pic.twitter.com/7oS2GBLeaq",2018-10-16 10:15:58,https://twitter.com/NWS/status/1052201488246820864,70,81,https://pbs.twimg.com/media/Dporm5JXUAAdKgw.jpg,0
16,"Fire weather conditions remain extreme through tonight in southern California, and elevated-to-critical for portions of northern California and southern California through tomorrow.https://twitter.com/NWSSPC/status/1051916770087448576 …",2018-10-15 22:10:36,https://twitter.com/NWS/status/1052018943064506369,50,32,,-1
17,We love when our Partners amplify an important weather safety message such as # TurnAroundDontDrownhttps://twitter.com/USGS_Texas/status/1051938564701937664 …,2018-10-15 17:39:28,https://twitter.com/NWS/status/1051950711020371968,43,17,,1
18,"Join in the fun! What is your favorite coffee mug for chilly mornings? Post on @ NWSReno tweet, and see what everyone else is sharing.https://twitter.com/NWSReno/status/1051948331675656197 …",2018-10-15 17:37:49,https://twitter.com/NWS/status/1051950294555381761,20,7,,1
19,"In case you're wondering, former Hurricane Michael remnants have reached the Iberian Peninsula in southwestern Europe.https://twitter.com/NWSEastern/status/1051944112453234688 …",2018-10-15 17:35:54,https://twitter.com/NWS/status/1051949812436881415,194,95,,0
20,Strong Santa Ana winds are creating extreme fire danger in parts of Southern California today. Gusts in excess of 60 mph can also cause damage to homes and buildings. Graphic: @ NWSSanDiegopic.twitter.com/0YYDSIAKOE,2018-10-15 14:57:39,https://twitter.com/NWS/status/1051909989051314178,74,60,https://pbs.twimg.com/media/DpkiQyDW0AAQhDM.jpg,1
21,"Get ready to # ShakeOut! Thursday is the ShakeOut, the world’s largest earthquake drill. Do you know what to do if an earthquake strikes when you’re at the beach? Watch this video https://youtu.be/-6ZuYwV348I and register to participate at http://ShakeOut.org . # TsunamiPreppic.twitter.com/6QHOJvVIyo",2018-10-15 11:51:57,https://twitter.com/NWS/status/1051863257437364225,46,57,https://pbs.twimg.com/media/Dpj3_Y-WkAUHY7e.png,1
22,It's snowing. In Texas. In October. Neat!https://twitter.com/NWSAmarillo/status/1051604312974077954 …,2018-10-15 09:36:28,https://twitter.com/NWS/status/1051829160015003649,226,71,,0
23,High winds and dry conditions combine to create extremely critical fire weather conditions today across Southern California. Wildfires will have potential to grow rapidly. http://weather.gov/safety/wildfire https://twitter.com/NWSSanDiego/status/1051811468100947969 …,2018-10-15 08:44:04,https://twitter.com/NWS/status/1051815971609042950,31,21,,1
24,"This cold front from Canada will bring much below normal temperatures to much of the U.S., and areas of early season snow across the Rockies, Plains, and Mississippi Valley. A dusting of snow was even seen today on some southern California mountain-tops.https://twitter.com/NWSMidland/status/1051569089821503488 …",2018-10-14 18:01:48,https://twitter.com/NWS/status/1051593942221955072,142,58,,1
25,"Deep, cold, Canadian air in the Great Basin will increase offshore winds and produce extreme Fire Weather threats across southern California early this week. Critical Fire Weather threats are forecast through at least mid-week.https://twitter.com/NWSSPC/status/1051560085921644544 …",2018-10-14 17:34:42,https://twitter.com/NWS/status/1051587123906777088,58,29,,-1
26,"If you are out and about this Sunday, here are the high temperatures (left) expected across the country. It's pretty evident where temperatures will be below average (right), from parts of the West through the Plains to the East, by as much as 20 to 40 degrees. # October14pic.twitter.com/DLtDFr4P5A",2018-10-14 08:06:48,https://twitter.com/NWS/status/1051444207989260289,87,45,https://pbs.twimg.com/media/Dpd42MuXcAEGdG_.jpg,1
27,Several areas of the country will be under a Frost Advisory or Freeze Watch/Warning tonight and/or tomorrow night. Check http://weather.gov to see your local forecast.pic.twitter.com/DcsMmI5MaY,2018-10-13 19:47:43,https://twitter.com/NWS/status/1051258209363795968,80,44,https://pbs.twimg.com/media/DpbQhpDXoAE-biW.jpg,0
28,A few tornadoes and scattered damaging wind gusts are possible across parts of central and eastern Texas into early evening. The NWS Storm Prediction Center has issued a Tornado Watch for portions of Central Texas effective until 600 PM CDT.pic.twitter.com/0PW7gdSkB4,2018-10-13 15:00:12,https://twitter.com/NWS/status/1051185856021745664,39,26,https://pbs.twimg.com/media/DpaPXc-WsAEIUm-.jpg,1
29,Increasing winds and dry conditions will produce elevated-to-critical fire weather threats this weekend and into next week for portions of California.https://twitter.com/NWSSacramento/status/1051136635285463040 …,2018-10-13 12:31:02,https://twitter.com/NWS/status/1051148314840829953,29,13,,-1
30,"Snow is creating hazardous conditions on some heavily traveled roads, including I-90 in Wyoming.https://twitter.com/NWSRiverton/status/1051124290588954624 …",2018-10-13 11:02:47,https://twitter.com/NWS/status/1051126105237843968,118,48,,1
31,"Chilly conditions across the U.S. is bringing very early snowfall to some locations. Snowfall in the and valley locations of the central U.S., and Appalachians in the east will likely melt away given enough sunshine. Higher mountain locations may see up to a foot of new snow.https://twitter.com/NWSBlacksburg/status/1051061334203355136 …",2018-10-13 09:13:34,https://twitter.com/NWS/status/1051098622283124736,101,31,,-1
32,"An upper trough over southern California, and remnant moisture from Sergio in the South Plains is producing areas of heavy rain, with the potential for flash flooding. A moderate risk for excessive rains is forecast for portions of northeastern TX and southeastern OK.pic.twitter.com/TXayq7hUN5",2018-10-13 08:57:46,https://twitter.com/NWS/status/1051094646032613376,39,19,https://pbs.twimg.com/media/DpY8JiBXgAAFYSV.jpg,1
33,"Satellites can identify surface features as well as cloud features. Snow is colored in white and clouds in pink in this satellite loop, Watch the white snow area shrink in size in eastern Wyoming.https://twitter.com/NOAASatellites/status/1050854591015849984 …",2018-10-13 07:50:50,https://twitter.com/NWS/status/1051077799564505088,64,21,,-1
34,Hurricane Michael was the first Category 4 storm to make landfall along the Florida Panhandle since records began in 1851. View it's path from the Gulf to the Atlantic using GOES visible and infrared imagery.pic.twitter.com/gVA87b3BIf,2018-10-12 20:37:56,https://twitter.com/NWS/status/1050908461985394688,734,395,,1
35,Satellite imagery shows the snow melting in Wyoming and Montana this morning.https://twitter.com/NOAASatellites/status/1050854591015849984 …,2018-10-12 18:44:22,https://twitter.com/NWS/status/1050879880093675521,70,23,,0
36,"100 yrs ago yesterday, 10/11/1918, the Puerto Rico earthquake & # tsunami caused 140+ deaths & ~$62 million in damage. @ NWS is helping Puerto Rico prepare for future tsunamis: http://weather.gov/tsunamiready pic.twitter.com/xvlHOMJk9r",2018-10-12 12:30:07,https://twitter.com/NWS/status/1050785697471324161,36,20,https://pbs.twimg.com/media/DpUj1ppUUAA0pTC.jpg,0
37,. @ USCPSC Survival Tips for AFTER the Storm: Keep Your Family Safe and Avoid Deadly Dangers https://www.cpsc.gov/content/cpsc-survival-tips-for-after-the-storm-keep-your-family-safe-and-avoid-deadly-dangers … # Michae lpic.twitter.com/FawWAmjf6Y,2018-10-12 10:28:21,https://twitter.com/NWS/status/1050755054012166146,47,65,https://pbs.twimg.com/media/DpUIBlkU0AAIsLs.jpg,1
38,"National Geodetic Survey damage assessment imagery for # Michael is now available online. Check this site out to see what's available, and how to use the viewer.https://twitter.com/noaaocean/status/1050749507196071936 …",2018-10-12 10:12:23,https://twitter.com/NWS/status/1050751034988072960,96,61,,1
39,"Specifically, the areas highlighted in these graphics are at risk for flash flooding over the next three days. If you encounter a flooded roadway, do NOT attempt to drive through it. Turn around, don't drown. http://weather.gov for the latest in your area.pic.twitter.com/c7RxEEUiVf",2018-10-12 08:37:37,https://twitter.com/NWS/status/1050727187215716352,28,13,https://pbs.twimg.com/media/DpTuvk5UwAAc-at.jpg,1
40,"Moisture from the remnants of # Sergio will play a part in the risk for flash flooding across portions of NM, AZ, and West TX today. That moisture will push east tomorrow, and focus along a cold front - meaning a risk for flash flooding across portions of the Southern Plains.https://twitter.com/NOAASatellites/status/1050725013056356352 …",2018-10-12 08:35:32,https://twitter.com/NWS/status/1050726664089624576,63,45,,-1
41,Rip currents are an issue along a number of Gulf beaches through today. Check http://weather.gov/beaches before heading out.https://twitter.com/NWSMobile/status/1050482213400272896 …,2018-10-12 07:45:20,https://twitter.com/NWS/status/1050714029084332032,48,36,,0
42,"We want to thank our followers who help spread weather safety info-sharing a message or graphic could help save a life. Meteorologists worked long hours to predict what # Michael would do. But honestly, it's the people on the other end of the forecast that make all the difference.pic.twitter.com/5snsdnDGIv",2018-10-11 22:26:17,https://twitter.com/NWS/status/1050573337494257670,682,163,,1
43,"Heavy rain from # Michael is leading to widespread flooding. A flooded roadway is dangerous at any time of day... at night, you may not even know it's there. If possible, stay off the roads. http://weather.gov/safety/flood-turn-around-dont-drown …pic.twitter.com/IGpg1ImCc2",2018-10-11 19:33:15,https://twitter.com/NWS/status/1050529794629279749,66,51,https://pbs.twimg.com/media/DpQ7QQSUUAEhmy1.jpg,-1
44,# Michael is continuing to impact the Mid-Atlantic. Remember there are many different ways to get warnings. Receiving warnings for dangerous weather events can save your life. http://youtu.be/ZqmguEWojYw pic.twitter.com/IZmDnjnd28,2018-10-11 18:10:24,https://twitter.com/NWS/status/1050508942709850113,42,19,,-1
45,"# Michael continues to impact the southeastern US. Stay up to date with forecasts, safety information, and links to NWS social media posts. http://weather.gov/wrn/michael pic.twitter.com/UUMfx4ArEk",2018-10-11 16:26:21,https://twitter.com/NWS/status/1050482758202601478,58,31,https://pbs.twimg.com/media/DpQQbR3UUAEVe5X.jpg,1
46,For those who have evacuated from # Michael: please do not return home until local officials give the all clear. Roads may be blocked and conditions may still be dangerous.https://twitter.com/SenRickScott/status/1050401720797417473 …,2018-10-11 15:43:38,https://twitter.com/NWS/status/1050472007312334848,202,118,,-1
47,Flooded roadways from # Michael is a very real risk. Driving into floodwaters could be the last decision you ever make! # TurnAroundDontDrown http://weather.gov/safety/flood-turn-around-dont-drown …pic.twitter.com/WYuxyiCRS8,2018-10-11 15:00:18,https://twitter.com/NWS/status/1050461104009285632,150,146,,1
48,"# Michael is moving into the Mid-Atlantic and bringing the threat for heavy, flooding rains along the eastern slopes of the Appalachians. Minimize your risk from debris flows by staying off the roads and in a safe location. http://weather.gov/flood pic.twitter.com/0M2GmXGufC",2018-10-11 14:43:33,https://twitter.com/NWS/status/1050456887278342144,30,24,https://pbs.twimg.com/media/DpP46pSWsAAyEtV.jpg,1
49,"As # Michael moves through the Carolinas, continue to watch out for falling trees. Ground in the area is still saturated from Florence and it won’t take much wind to knock them over.pic.twitter.com/Ge76QStsl4",2018-10-11 13:55:48,https://twitter.com/NWS/status/1050444870333153281,98,79,https://pbs.twimg.com/media/DpPtvVtW0AIFHzX.jpg,1
50,"Tornado Watch in effect for parts of Virginia and North Carolina. Be prepared to seek shelter, interior rooms on the lowest floor of a sturdy building are safest. Avoid windows and cover your head to protect yourself from flying debris. http://weather.gov/safety/tornado # Michaelhttps://twitter.com/NWSSPC/status/1050385047621132288 …",2018-10-11 13:03:24,https://twitter.com/NWS/status/1050431683995082754,50,52,,0
51,Crews are hard at work cleaning up in some areas from # Michael. Help crews by staying off the roads if possible.https://twitter.com/GeorgiaEMA/status/1050315268914855936 …,2018-10-11 10:06:34,https://twitter.com/NWS/status/1050387183339786240,58,25,,-1
52,Let your family and friends know that you are Safe & Well after # Michael. It will bring your loved ones great peace of mind. This site can also be used to check the status of others. Make sure your neighbors are OK! @ RedCross https://safeandwell.communityos.org/cms/index.php,2018-10-11 09:55:40,https://twitter.com/NWS/status/1050384439472259072,64,58,,1
53,Excessive rainfall from # TropicalStormMichael brings potential flash flooding. Stay off the roads and remain in a safe location if you are in the impacted areas.pic.twitter.com/0u5Cx3oGGC,2018-10-11 09:25:41,https://twitter.com/NWS/status/1050376895404097536,138,132,https://pbs.twimg.com/media/DpOv_flWsAADdls.jpg,1
54,Flooding continues from # Michael. NEVER drive or walk into floodwaters. Turn Around Don’t Drown! http://weather.gov/safety/flood-turn-around-dont-drown …pic.twitter.com/9C9NNZUKZe,2018-10-11 08:50:44,https://twitter.com/NWS/status/1050368098669391872,83,79,https://pbs.twimg.com/media/DpOoIc7V4AIIIZ5.png,0
55,Next Facebook Live update on # Michael from NHC Director Ken Graham at 8:30am EDThttps://twitter.com/NHC_Atlantic/status/1050345540268019713 …,2018-10-11 07:27:24,https://twitter.com/NWS/status/1050347126981611521,37,23,,1
56,Strong winds overnight tonight across much of southern Georgia will likely result in downed trees. Make sure you and your loved ones are tucked away in a safe spot for the night. # Michaelpic.twitter.com/ZyJyhZbwRh,2018-10-10 22:44:23,https://twitter.com/NWS/status/1050215508333748224,143,103,https://pbs.twimg.com/media/DpMdMaCUwAIs2rt.jpg,1
57,Proud to be a small piece of this preparedness and response puzzle and honored to work with men and women who are out there trying to save lives.https://twitter.com/SenRickScott/status/1050193542704967681 …,2018-10-10 22:19:50,https://twitter.com/NWS/status/1050209326814642176,112,22,,1
58,"Michael isn't the only show in town. Freezing temps in the Plains and Northwestern US, snow in the northern portions of the Midwest, and ongoing flooding in portions of the central US. What's happening where you are? Check http://weather.gov .pic.twitter.com/m6GrbwQ7BC",2018-10-10 20:47:30,https://twitter.com/NWS/status/1050186093201625088,88,56,https://pbs.twimg.com/media/DpMCovZU4AAH8L9.jpg,0
59,"For some of you, the storm has passed. What’s Next? Don’t venture out. Water & power lines don’t go well together; especially in the dark Let first responders do their work. Stay sheltered & off the roads Text rather than call family & friends to let them know you are safe",2018-10-10 20:35:01,https://twitter.com/NWS/status/1050182950988464133,1147,533,,1
60,"Don't be tempted to get outside and explore the damage done by # Michael. Winds might be calming down and the rain stopping, but significant danger remains. Downed power lines can kill. # WeatherReadypic.twitter.com/PcYtwdNF8L",2018-10-10 18:40:07,https://twitter.com/NWS/status/1050154033401528321,145,127,https://pbs.twimg.com/media/DpLlO34UUAA9tTh.jpg,1
61,"As # Michael moves farther inland into Georgia and areas less familiar with extreme winds, trees become a clear and present danger. Minimize your risk in single story homes by staying in interior rooms AWAY FROM LARGE TREES and overhanging branches. # flwx # alwx # gawx # scwxpic.twitter.com/O1xlN217en",2018-10-10 17:40:50,https://twitter.com/NWS/status/1050139114237030400,288,204,https://pbs.twimg.com/media/DpLXLGrUUAAR3Ve.jpg,1
62,The latest on # Michael from the National Hurricane Center LIVE NOW: https://www.facebook.com/NWSNHC/videos/2140946266144190/ …https://twitter.com/NHC_Atlantic/status/1050133969646379008 …,2018-10-10 17:37:34,https://twitter.com/NWS/status/1050138295299125248,32,22,,1
63,Eye of # Michael is approaching extreme southeastern Alabama and southwest Georgia - (5 PM EDT) update. Saffir-Simpson Wind Scale: Category 3 Maximum Sustained Winds: 125 mph Minimum Central Pressure: 932 mb Movement: North-Northeast at 16 mph http://hurricanes.gov https://twitter.com/NHC_Atlantic/status/1050127845031329793 …,2018-10-10 17:09:39,https://twitter.com/NWS/status/1050131268153856000,84,82,,-1
64,"Radar data indicate that the eye of # Michael is moving inland over portions of Bay & Calhoun counties in the Florida Panhandle. Those in these areas are reminded not to venture out into the relative calm of the eye, as hazardous winds will increase very quickly as the eye passes!https://twitter.com/NWSTallahassee/status/1050097730977173506 …",2018-10-10 15:02:07,https://twitter.com/NWS/status/1050099174698573826,123,79,,1
65,LIVE NOW: https://www.facebook.com/NWSNHC/videos/2203187556620597/ …https://twitter.com/NHC_Atlantic/status/1050089077004034049 …,2018-10-10 14:55:11,https://twitter.com/NWS/status/1050097429079560197,34,26,,1
66,This is roughly equivalent to a 3-hr long tornado warning. Immediately get to shelter or interior room!https://twitter.com/NWSTallahassee/status/1050073549921234944 …,2018-10-10 13:31:26,https://twitter.com/NWS/status/1050076350701326337,262,269,,-1
67,"Landfall of # HurricaneMichael is imminent. THIS IS A WORST CASE SCENARIO for the Florida Panhandle!! Listen to your local emergency officials. Stay Inside & Survive!"" --NWS Director Dr. Louis Uccellini @ NWSDirectorpic.twitter.com/EMSZbMaHwW",2018-10-10 11:53:44,https://twitter.com/NWS/status/1050051765914230784,1152,1231,,-1
68,"Didn't evacuate? Take action now to survive # HurricaneMichael. Immediate threats are storm surge, flying projectiles, falling trees. Seek refuge in an interior room away from windows.pic.twitter.com/1IpMwEojJP",2018-10-10 10:55:42,https://twitter.com/NWS/status/1050037161448357888,178,148,https://pbs.twimg.com/media/DpJ4xOjU8AALipn.jpg,1
69,# HurricaneMichael is nearing the Florida Panhandle & will have potentially catastrophic impacts - (8 AM EDT) update. Saffir-Simpson Wind Scale: Category 4 Maximum Sustained Winds: 145 mph Minimum Central Pressure: 933 mb Movement: North at 13 mph http://hurricanes.gov https://twitter.com/NHC_Atlantic/status/1049989432261181440 …,2018-10-10 08:35:18,https://twitter.com/NWS/status/1050001827553533955,134,139,,0
70,# HurricaneMichael is still strengthening and is now explicitly forecast to become a Category 4 hurricane before landfall occurs. This is a life-threatening event for the northeastern part of the Gulf Coast. http://hurricanes.gov pic.twitter.com/n1uLN0WQoa,2018-10-09 23:36:13,https://twitter.com/NWS/status/1049866165135298560,239,292,https://pbs.twimg.com/media/DpHb4YLUYAEJM-Z.jpg,0
71,Meanwhile...while we wait for the latest update on # HurricaneMichael...we see a large area of winter-like weather ongoing from Montana to the Northern Plains! # mtwx # wywx # newx # sdwx # ndwx http://weather.gov https://twitter.com/NWSMissoula/status/1049853067846402049 …,2018-10-09 22:57:06,https://twitter.com/NWS/status/1049856319530909698,97,56,,1
72,"Our local offices, emergency management partners and media in Florida are urging people in evacuation zones to move inland IMMEDIATELY. # HurricaneMichael is coming and you're running out of time! We need your help to get this message out. @ FLSERT @ fema # FLwxpic.twitter.com/cPUFoeWWJp",2018-10-09 22:25:59,https://twitter.com/NWS/status/1049848487335092224,246,313,https://pbs.twimg.com/media/DpHMFwpUwAA8b3-.jpg,0
73,"Warnings for # HurricaneMichael now extend from the Gulf Coast in Alabama/Florida to South Carolina. Where will you ride out this storm? Vehicles, exterior rooms and top floors of homes are not safe from the wind when there are tall trees nearby. Get inside, protect yourself.pic.twitter.com/1nPf9VgmWM",2018-10-09 21:09:16,https://twitter.com/NWS/status/1049829182765715458,176,158,,1
74,"If you live along the Florida coast between Pensacola and Tampa, THIS is why it's so important to listen to your local/state officials regarding evacuations. The storm surge is expected to reach 9-13 FEET in some areas! Stay tuned to your local media for updates. pic.twitter.com/QAykOFg2c3",2018-10-09 17:45:18,https://twitter.com/NWS/status/1049777853766733825,455,508,https://pbs.twimg.com/media/DpGLfbxU8AA7RnR.jpg,1
75,Hurricane # Michael continues to strengthen and is now a major hurricane with the latest (4 PM CDT) update... Saffir-Simpson Wind Scale: Category 3 Maximum Sustained Winds: 120 mph Minimum Central Pressure: 957 mb Movement: North at 12 mph http://hurricanes.gov pic.twitter.com/DqNw6yyjxN,2018-10-09 17:15:34,https://twitter.com/NWS/status/1049770369509466113,255,295,,1
76,Threat for tornadoes and isolated damaging wind will persist into this evening from west central to northern Missouri through a portion of central and eastern Iowa. http://weather.gov for the latest in your area.pic.twitter.com/ofIxuWXlC2,2018-10-09 16:29:14,https://twitter.com/NWS/status/1049758711160418306,52,22,https://pbs.twimg.com/media/DpF956CXoAAJ_5h.jpg,1
77,"Hurricane # Michael is churning up waters along many beaches across the Gulf - far away from the storm itself - creating dangerous surf conditions, including rip currents. Obey beach closures and check http://weather.gov/beach/ before heading out.pic.twitter.com/sqbt8Dntv4",2018-10-09 16:10:07,https://twitter.com/NWS/status/1049753898494377984,56,45,https://pbs.twimg.com/media/DpF5jheW0AEOlx2.jpg,-1
78,"Heavy rainfall from # Michael could produce life-threatening flash flooding from the Florida Panhandle and Big Bend region, into portions of Georgia and South Carolina. http://www.nhc.noaa.gov for the latest.pic.twitter.com/zj4wUMyOsE",2018-10-09 15:57:42,https://twitter.com/NWS/status/1049750773737783296,579,234,https://pbs.twimg.com/media/DpF2F_yWwAAMwNB.jpg,1
79,"Want more information on # Michael? We have compiled notable forecast links, safety pages, and social media posts on our # HurricaneMichael landing page. https://www.weather.gov/wrn/michael pic.twitter.com/5BHG5FNsfd",2018-10-09 14:09:10,https://twitter.com/NWS/status/1049723461185228803,183,164,https://pbs.twimg.com/media/DpFdkVyU8AAz1MI.jpg,1
80,"Dangerous impacts from # HurricaneMichael will extend FAR from its center. Life-threatening storm surge is expected along more than 325 miles of coastline, and the area of tropical storm force winds currently extend more than 300 miles across. PREPARE NOW. http://weather.gov pic.twitter.com/whdg505Q5G",2018-10-09 13:52:21,https://twitter.com/NWS/status/1049719226448134144,267,337,https://pbs.twimg.com/media/DpFY0ogXcAI1huN.jpg,1
81,"Life-threatening storm surge is likely in the Storm Surge Warning area. Water levels will rise WELL IN ADVANCE OF THE CENTER OF MICHAEL. If you're in the warning area, finish preparations to protect life and property today. http://weather.gov for the latest in your area.pic.twitter.com/cp19XHAUrt",2018-10-09 11:18:58,https://twitter.com/NWS/status/1049680626289389569,83,101,https://pbs.twimg.com/media/DpE1oq5W4AA3X-J.jpg,1
82,"If you are in the hurricane warning: PREPARE NOW. You are quickly running out of time. Tropical storm force winds will arrive this evening, and will continue to increase from there - making any further preparation impossible. http://weather.gov # HurricaneMichaelpic.twitter.com/EvQkNRavHg",2018-10-09 09:43:12,https://twitter.com/NWS/status/1049656529350201344,295,316,https://pbs.twimg.com/media/DpEg74IW4AEdRmq.jpg,-1
83,"Some things to consider, to help communicate the right messages about # Michael: Emphasize the dangers of each hazard Focus on what's important Use the official @ NHC_Atlantic forecast Only share reliable sources Highlight hazards that continue after a storm passespic.twitter.com/Qfn2fYg7mF",2018-10-08 22:35:06,https://twitter.com/NWS/status/1049488393271463937,103,84,https://pbs.twimg.com/media/DpCHOIJU8AA4GaK.jpg,1
84,"Flood Watches extend from the Great Lakes to southeastern TX, and heavy rains overnight will bring flash flooding to many locations. Each year, more deaths occur due to flooding than from any other thunderstorm related hazard. Turn Around, Don't Drown. http://weather.gov pic.twitter.com/BhvkgbgSrm",2018-10-08 22:23:14,https://twitter.com/NWS/status/1049485409363906560,79,54,https://pbs.twimg.com/media/DpCElP4WsAAIK0t.jpg,1
85,"When a hurricane is approaching, many people prepare based on previous experience. But they’re not always right. https://www.weather.gov/news/180409-hurricanes … # HurricaneMichael # Michaelpic.twitter.com/l6GZekbclG",2018-10-08 21:23:15,https://twitter.com/NWS/status/1049470311975014401,275,183,,1
86,"Planning out your Tuesday morning evacuation now, is a good thing. http://weather.gov/hurricanesafety # HurricaneMichael # Michaelpic.twitter.com/jo6S6NCDM9",2018-10-08 21:09:24,https://twitter.com/NWS/status/1049466829503156224,68,67,https://pbs.twimg.com/media/DpBz7B9VsAEtT2I.jpg,1
87,"Now that millions are familiar with the Wireless Emergency Presidential Alert, do you know which National Weather Service warnings are sent through WEA? Hint: Flash Flood, Tornado, and Hurricane Warnings are on the list. https://www.weather.gov/wrn/wea pic.twitter.com/6bpykvZgUh",2018-10-08 20:45:14,https://twitter.com/NWS/status/1049460745887539202,159,116,https://pbs.twimg.com/media/DpBoLHqX4AAyY0s.jpg,1
88,# HurricaneMichael isn't heading to any one town... There are warnings for more than 300 miles of coastline. It's forecast to be a large and dangerous hurricane at landfall. Life-threatening storm surge Damaging winds Life-threatening flash flooding http://weather.gov pic.twitter.com/nsHYkBjy2r,2018-10-08 20:04:48,https://twitter.com/NWS/status/1049450572376657920,849,979,https://pbs.twimg.com/media/DpBlcprXUAArDKo.jpg,1
89,"If you are in # HurricaneMichael's path, you DO NOT HAVE MUCH TIME TO PREPARE. Wind speeds will increase to tropical storm force by tomorrow (Tuesday) evening in the hurricane warning area, and continue to increase - making further preparation impossible. http://weather.gov pic.twitter.com/xTRCekUcYy",2018-10-08 19:15:33,https://twitter.com/NWS/status/1049438176933232640,508,548,https://pbs.twimg.com/media/DpBZgWhX4AAjtJO.jpg,-1
90,"Much of the central US is contending with very heavy rainfall that will last through the night, resulting in flash flooding in some areas. Seeing flooded roadways in the dark can be very difficult. Turn Around, Don't Drown. It could save your life. http://weather.gov pic.twitter.com/JyHnjcHVSC",2018-10-08 18:08:18,https://twitter.com/NWS/status/1049421254216822784,49,43,https://pbs.twimg.com/media/DpBKexIU8AUduCx.jpg,-1
91,"As always, it is very important to heed local evacuation orders. They exist to protect you and your family.https://twitter.com/FLGovScott/status/1049369879080591365 …",2018-10-08 17:57:31,https://twitter.com/NWS/status/1049418539982082050,84,52,,1
92,A hurricane WARNING has been issued for portions of the Florida Gulf Coast. Everyone in these areas should prepare for life-threatening winds associated with the core of # Michael. Follow @ NHC_Atlantic for the latest on # HurricaneMichael.pic.twitter.com/mhV77ESceV,2018-10-08 17:08:19,https://twitter.com/NWS/status/1049406158409228293,431,506,https://pbs.twimg.com/media/DpA9N_3VAAARx0w.jpg,1
93,"Life-threatening storm surge is likely along portions of the coasts of the Florida Panhandle, Big Bend, & Nature Coast. A storm surge WARNING is in effect for these areas. Follow all advice given by their local officials. Follow @ NHC_Atlantic for more on # HurricaneMichael.pic.twitter.com/Ts6Jrvsv9V",2018-10-08 17:03:16,https://twitter.com/NWS/status/1049404886855626754,190,192,https://pbs.twimg.com/media/DpA8LWpUUAMOvT_.jpg,1
94,"Through the course of # HurricaneMichael, your local NWS office will be providing important, localized information via their social media accounts and web page. Find yours here: http://weather.gov/socialmedia pic.twitter.com/PArOIruSaz",2018-10-08 16:23:10,https://twitter.com/NWS/status/1049394796547252227,177,112,https://pbs.twimg.com/media/DpAy2N3VsAAZCz4.png,1
95,"While all eyes this morning is on intensifying Hurricane # Michael, a significant flash flood threat is also in effect today across the Plains. A strong upper trough emerging from the southern Rockies will interact with anomalous moisture for a High Risk of excessive rainfall.pic.twitter.com/NZqHQDmtKG",2018-10-08 11:13:49,https://twitter.com/NWS/status/1049316943914848257,134,121,https://pbs.twimg.com/media/Do_q2KAX0AADVah.jpg,1
96,"Here is the latest Forecast Track and Key Messages for Hurricane Michael from @ NWSNHC . # Michael could produce life-threatening hazards for the northeastern Gulf Coast: storm surge, heavy rainfall, and hurricane-force winds, as storm surge and hurricane watches are in effect.pic.twitter.com/8BqNEZRaTE",2018-10-08 11:01:21,https://twitter.com/NWS/status/1049313808366415873,195,194,https://pbs.twimg.com/media/Do_n7qKX4AAAbGW.jpg,1
97,"Looks like a gorgeous sunrise this morning in San Francisco! Offshore winds means mild temperatures, near 70, and no marine layer. Just a terrific snapshot from our colleagues @ NWSBayArea. # CAwx # sunshinehttps://twitter.com/NWSBayArea/status/1049303699070377985 …",2018-10-08 10:28:45,https://twitter.com/NWS/status/1049305602416173057,84,15,,1
98,The National Hurricane Center Storm Surge Unit has issued a Storm Surge Watch for Tropical Storm Michael. This watch extends along a long stretch of Florida coastline from the Panhandle to the central west coast of the Sunshine state. Michael is just shy of hurricane strength.https://twitter.com/NHC_Surge/status/1049265932923756544 …,2018-10-08 08:04:04,https://twitter.com/NWS/status/1049269193865138176,140,126,,-1
99,"Tropical Storm Michael, now packing winds of 60 mph is expected to become a hurricane on Monday. Michael will make landfall over the northeast Gulf Coast midweek before potentially impacting the Carolinas late week.",2018-10-07 22:09:58,https://twitter.com/NWS/status/1049119681980878848,364,287,,-1
100,"Here is the latest forecast track and key messages with Tropical Depression Fourteen, via @ NHC_Atlantic. TD Fourteen has the chance to strengthen today over the northwest Caribbean and may become a Tropical Storm. All northern Gulf Coast residents should monitor this system. # TD14pic.twitter.com/gxGBNfoXhQ",2018-10-07 11:07:58,https://twitter.com/NWS/status/1048953085379432450,166,148,https://pbs.twimg.com/media/Do6gXpwX4AE_1D0.jpg,1
101,"The clash between a cold, dry air mass with a warm, moist one will result in a significant and likely widespread organized heavy rainfall event across the central portion of the country. A moderate risk of excessive rain is in effect each day through Tuesday. # heavyrain # floodingpic.twitter.com/xZpAuwi8Ld",2018-10-07 09:53:08,https://twitter.com/NWS/status/1048934251754938371,152,101,https://pbs.twimg.com/media/Do6NymRX0AA2GX_.jpg,-1
102,Potential Tropical Cyclone 14 likely to become a Tropical Storm over the Gulf by Monday. Impacts likely between Louisiana and Florida then into the Southeast U.S. by late week.,2018-10-06 22:06:54,https://twitter.com/NWS/status/1048756523978162178,96,55,,-1
103,"Winter has made a dramatic appearance across the West and North, while summery weather holds on in the Southeast. Along this boundary between winter and summer is an area of forecast heavy rain with potential for flash floods. Stay tuned to your local office for warnings.pic.twitter.com/mqzElsoKe5",2018-10-06 12:22:43,https://twitter.com/NWS/status/1048609506589138944,62,37,https://pbs.twimg.com/media/Do1n9QfW4AUHurV.jpg,-1
104,"Major Hurricane Sergio is forecast to make a u-turn, and head towards Baja California and weaken next week. Moisture from Sergio remnants is forecast to reach the Southwest and southern Plains mid to late next week. Forecast precipitation image is for Thu and Fri of next week.pic.twitter.com/tOKPP8JmbH",2018-10-06 12:13:21,https://twitter.com/NWS/status/1048607148354277376,66,49,https://pbs.twimg.com/media/Do1ljczUYAA45Yg.jpg,-1
105,Gusty winds will increase Fire Weather threats to critical levels tonight and tomorrow for portions of California.pic.twitter.com/hkH6UuUfud,2018-10-06 12:02:20,https://twitter.com/NWS/status/1048604377731289091,17,9,https://pbs.twimg.com/media/Do1jLAxW0AE0uWK.jpg,0
106,"Regardless of development, this system will likely bring heavy rain to portions of the Gulf Coast next week. Follow @ NHC_Atlantic and Gulf Coast Forecast Offices with http://weather.gov to keep up with the latest watches and warnings.https://twitter.com/NHC_Atlantic/status/1048546332602974208 …",2018-10-06 09:52:45,https://twitter.com/NWS/status/1048571769039282177,83,46,,1
107,The beginning of a multi-day heavy rain event for the central to southern Plains is expected to begin tonight.https://twitter.com/NWSWPC/status/1048344064918245378 …,2018-10-05 19:34:00,https://twitter.com/NWS/status/1048355657139806208,70,33,,-1
108,Isolated severe thunderstorms with large hail and wind damage will be possible across parts of the central and southern Plains. A severe thunderstorms risk also exists from parts of the lower to mid Missouri Valley eastward to the southern Great Lakes.pic.twitter.com/GUTEpOcry3,2018-10-05 18:55:56,https://twitter.com/NWS/status/1048346074975543298,57,34,https://pbs.twimg.com/media/Dox49YSXoAADG-a.jpg,1
109,"Mr. Shank, 9th grade Earth Science @ Methacton was ahead of his time (mid-1980s), emphasizing multidisciplinary studies to solve complex problems. I fell in love with geology, astronomy, oceanography, and meteorology. Meteorology won out. -Doug",2018-10-05 13:55:34,https://twitter.com/NWS/status/1048270485623062528,26,2,,1
110,"I’ve had many great teachers, but Mr. Brown in honors physics and Ms. Schultz in honors chemistry at Omaha South High stand out. I loved going to class every day, experimenting and learning new things - especially when the Bunsen burner was involved. @ OPS_SouthHigh -Chris",2018-10-05 13:55:33,https://twitter.com/NWS/status/1048270483697913857,27,2,,1
111,"Mr. Simonton, my 9th grade Earth Science teacher from @ MilanSchoolCorp fueled my existing passion for meteorology. He once excitedly showed me how much the atmospheric pressure had dropped on our recording barometer after a strong thunderstorm had passed over the school. -Corey",2018-10-05 13:55:33,https://twitter.com/NWS/status/1048270482083106816,6,2,,1
112,"12th grade physics, Mr. Siskind @ hcpss_omhs. He showed me the power of math and physics as the basic foundation related to everything, was enthusiastic, inspirational, and made us feel as though we had the power to reach our goals. Most of all, he made physics fun! -Mary",2018-10-05 13:55:33,https://twitter.com/NWS/status/1048270481080631296,11,2,,1
113,"Mr. Lewis, 6th grade science @ CCCSDtweets. He was never not excited about what he was teaching us, never met a laserdisc he didn’t like, and legend was you’d catch an eraser one way or another if you fell asleep... -Brian",2018-10-05 13:55:32,https://twitter.com/NWS/status/1048270479516217344,4,1,,-1
114,It’s # WorldTeachersDay and we here in the NWS Communications Office can think of no better way to celebrate than to thank the teachers who influenced our careers as scientists...,2018-10-05 13:55:32,https://twitter.com/NWS/status/1048270477754556416,73,19,,-1
115,"...also, knowing the signs and symptoms of heat exhaustion and heat stroke is important for not only protecting yourself, but also those around you. Learn more from @ CDCgov at http://cdc.gov/disasters/extremeheat/warning.html …pic.twitter.com/PHfgYguF4N",2018-10-05 13:26:21,https://twitter.com/NWS/status/1048263132324487169,30,15,https://pbs.twimg.com/media/DowtTnFV4AE1_H-.jpg,1
116,"A hot fall day across a good portion of the southeastern U.S. today. If you're working outside today, make sure to take breaks and hydrate. Learn more about staying safe in the heat at http://weather.gov/heat pic.twitter.com/cK0IlObkJr",2018-10-05 13:26:20,https://twitter.com/NWS/status/1048263127740108800,77,38,https://pbs.twimg.com/media/DowtEX5U0AAty9m.jpg,1
117,"Moderate to locally heavy rainfall is expected across parts of the upper Midwest beginning late this afternoon into Saturday morning. NEVER drive or walk through floodwaters. Turn around, don’t drown. http://weather.gov pic.twitter.com/qQ5h1OCU75",2018-10-05 10:38:52,https://twitter.com/NWS/status/1048220985835618304,57,35,https://pbs.twimg.com/media/DowHbSyU0AEly9t.jpg,-1
118,A few severe thunderstorms with large hail and wind damage will be possible across parts of the central and southern Plains today. A marginal risk for severe thunderstorms will also exist from parts of the lower to mid Missouri Valley eastward to the southern Great Lakes.https://twitter.com/NWSSPC/status/1048193386082127872 …,2018-10-05 10:04:52,https://twitter.com/NWS/status/1048212428872409088,24,7,,1
119,"Weather is like tacos, everyone has their favorite, and too much of it usually ends badly. # NationalTacoDay http://weather.gov/safety pic.twitter.com/MIxSZJSCOT",2018-10-04 16:43:31,https://twitter.com/NWS/status/1047950363297505285,112,34,https://pbs.twimg.com/media/DosQfViWwAEOIai.jpg,-1
120,Warning means TAKE ACTION. Watch means BE PREPARED. http://weather.gov/safety/flood-watch-warning … # FloodSafety # FallSafetypic.twitter.com/C92p13t0TF,2018-10-04 12:54:00,https://twitter.com/NWS/status/1047892603964813312,55,45,https://pbs.twimg.com/media/DoqhV7zW0AIkWky.jpg,1
121,What on earth is a haboob? Learn about them and other examples of weird weather in this short video: http://youtu.be/vuk6gvq7Nwk # wxsciencepic.twitter.com/JvPHWmnNIb,2018-10-04 08:32:46,https://twitter.com/NWS/status/1047826861965889536,45,22,,-1
122,Minor to Major river flooding continues across the Midwest (left) and the upcoming 7 day quantitative precipitation forecast (right) through next Wed shows no break from the wet weather. The upcoming heavy to excessive rainfall may agitate these rivers or increase flood concerns.pic.twitter.com/CccqWedH67,2018-10-03 18:41:59,https://twitter.com/NWS/status/1047617788632879104,35,26,https://pbs.twimg.com/media/DonhUI6XkAUxe4V.jpg,-1
123,"A developing line of thunderstorms will likely disrupt rush hour traffic and air traffic in and out of MSP over the next hour or two. These storms will have a chance to become severe over time, as a Tornado watch is in effect east of Minneapolis, across northern Wisconsin.https://twitter.com/NWSTwinCities/status/1047610284825894912 …",2018-10-03 18:19:01,https://twitter.com/NWS/status/1047612008714194945,25,12,,0
124,Wireless Emergency Alerts save lives. These alerts are activated for... Tsunami Warnings Tornado Warnings Flash Flood Warnings Hurricane Warnings Typhoon Warnings Dust Storm Warnings Extreme Wind Warnings Snow Squall Warningspic.twitter.com/yeIaVTxJKu,2018-10-03 14:29:43,https://twitter.com/NWS/status/1047554305300058112,476,306,https://pbs.twimg.com/media/DomoaBiUcAAB9nS.jpg,-1
125,Wireless Emergency Alerts save lives. pic.twitter.com/rQp3IC8G1p,2018-10-03 14:25:22,https://twitter.com/NWS/status/1047553211467485187,335,154,https://pbs.twimg.com/media/Domm-RJV4AAvIK4.jpg,0
126,"Today's alert is a test, but when received at the right time, these alerts can help keep you safe during an emergency.pic.twitter.com/SPDLlqCrQe",2018-10-03 10:33:51,https://twitter.com/NWS/status/1047494945509130241,276,94,https://pbs.twimg.com/media/Doly16MX0AAI_2k.jpg,1
127,Good morning everyone. Have a great Wednesday!pic.twitter.com/WSMtIt01AR,2018-10-03 10:13:53,https://twitter.com/NWS/status/1047489921747968001,281,67,,1
128,Tomorrow at approximately 2:20PM EDT there is a planned national Wireless Emergency Alert (WEA) test. Learn more: https://www.fema.gov/emergency-alert-test …pic.twitter.com/3ZfjefZplF,2018-10-02 20:00:00,https://twitter.com/NWS/status/1047275037152215042,82,114,https://pbs.twimg.com/media/Doct2rKXsAEdCUb.png,1
129,Strong/severe thunderstorms will sag southeast across central PA into northern NJ over the next few hours. There is a threat of hail and damaging winds. The threat of tornadoes should gradually decrease over the next few hours.https://twitter.com/NWSSPC/status/1047263738292789248 …,2018-10-02 19:20:29,https://twitter.com/NWS/status/1047265088783220740,29,26,,1
130,"All WEA-compatible cell phones that are switched on and within range of an active cell tower, and whose wireless carrier participates in WEA, will receive the test message",2018-10-02 16:40:01,https://twitter.com/NWS/status/1047224708809334785,3,0,,-1
131,Of course!,2018-10-02 16:22:05,https://twitter.com/NWS/status/1047220196480569346,1,0,,0
132,ATTENTION LIBRARIANS: Please be gentle on library visitors tomorrow around 2:20PM EDT when phones will chirp during the national Wireless Emergency Alert (WEA) test. http://weather.gov/wrn/wea pic.twitter.com/5DW7LLj05l,2018-10-02 16:18:12,https://twitter.com/NWS/status/1047219217387454465,209,145,https://pbs.twimg.com/media/Doh4M1xXUAEsQj2.jpg,1
133,"*blushes* Why, thank you!",2018-10-02 11:58:32,https://twitter.com/NWS/status/1047153872064663552,6,0,,0
134,"Rain will continue today across parts of the Southwest US, associated with a plume of tropical moisture from the remnants of Rosa. Rain will be heavy at times, with the threat of flooding. NEVER drive through floodwaters. You may think you know how deep the water is, but...pic.twitter.com/9uWVIXDjJg",2018-10-02 11:48:38,https://twitter.com/NWS/status/1047151379301715969,150,90,,-1
135,Yep! That was poorly-worded. Sorry about that.,2018-10-02 11:04:26,https://twitter.com/NWS/status/1047140257576173568,6,0,,-1
136,You will also see/hear a test message on your TV & radio lasting about one minute. All messages will start with “THIS IS A TEST” and end with “No action is needed.” Find answers to Frequently Asked Questions and more information at http://fema.gov/emergency-alert-test …,2018-10-02 10:58:31,https://twitter.com/NWS/status/1047138765054062593,44,38,,1
137,"The test is for a Presidential Alert, a type of Wireless Emergency Alert (WEA) only used for major emergencies that affect the entire country. This is the national version of WEA messages like AMBER & weather alerts from your local agencies.",2018-10-02 10:58:30,https://twitter.com/NWS/status/1047138764135550982,44,36,,1
138,You’ll get a message box on your phone with a tone & vibration. This is NOT a text and your phone number is NOT shared with anyone.,2018-10-02 10:58:30,https://twitter.com/NWS/status/1047138763237969920,16,20,,0
139,"REMINDER Next Wednesday Oct. 3rd at 2:18 PM EDT, there will be a nationwide test of the Wireless Emergency Alert system. Share these 3 facts with your friends and family so they know what to expect:",2018-10-02 10:58:30,https://twitter.com/NWS/status/1047138761539227649,162,204,,0
140,"Wednesday, Oct 3 at 2:18 pm EDT, there will be a national test of the Wireless Emergency Alert (WEA) system. A test message will be sent to cell phones connected to wireless providers participating in WEA. http://weather.gov/wrn/wea pic.twitter.com/It8aOsDBmL",2018-10-01 20:00:01,https://twitter.com/NWS/status/1046912650125299713,154,195,https://pbs.twimg.com/media/DoctR9fX0AQXvtd.jpg,0
141,"A very unsettled few days coming up for the southwestern quad of the country with the threat for excessive rain. In addition to tropical moisture from Rosa impacting the Southwest and Four Corners region, an upper low approaching CA may yield heavy rainfall for southern CA. # rainpic.twitter.com/JH4OJSBWa9",2018-10-01 19:45:40,https://twitter.com/NWS/status/1046909042021552128,58,38,https://pbs.twimg.com/media/Dodc7QvW4AEhb7S.jpg,-1
142,ATTENTION EDUCATORS (and everyone else): this Wednesday at approximately 2:20PM EDT there is a planned national Wireless Emergency Alert (WEA) test… also known as “National Which Students are Sneaking Smartphones into Class Day.” http://weather.gov/wrn/wea pic.twitter.com/NGCMun5dr0,2018-10-01 16:02:29,https://twitter.com/NWS/status/1046852876105060352,249,186,https://pbs.twimg.com/media/Docq_FXWkAAx5rR.jpg,-1
143,"Rain is starting to push into Southern AZ this afternoon beginning several days of flash flood concern as moisture from TS Rosa streams into the region. Water can quickly rise in normally dry creek beds. Avoid low water crossings and turn around, don't drown.pic.twitter.com/2MAhYbedcY",2018-10-01 15:16:13,https://twitter.com/NWS/status/1046841231320473600,53,33,https://pbs.twimg.com/media/DocgcFyW0AIL55a.jpg,1
144,"Happy Birthday @ NASA and thanks for the lift! We got you a cake but decided to leave off the candles. You know, rocket fuel and all...pic.twitter.com/mIw2psR5O9",2018-10-01 12:04:40,https://twitter.com/NWS/status/1046793026595704832,570,155,,1
145,"3) If you're up early across North Dakota, you may be lucky(?) enough to spot some early snowfall! A few flurries have been just enough to whiten up some northern parts of the state but should quickly melt as temperatures warm this morning. (Photo courtesy of @ NWSBismarck)pic.twitter.com/k3i3PHjkU1",2018-10-01 10:07:51,https://twitter.com/NWS/status/1046763626965667840,27,10,https://pbs.twimg.com/media/DobZ5ELW0AA8mcm.jpg,1
146,"2) Downstream across the upper midwest, more heavy rain is forecast. 3-5 inches of rain are possible from Kansas to Michigan through Wednesday along with a slight chance of severe thunderstorms along the front this afternoon and evening in parts of IA/WI/IL.pic.twitter.com/qRd9ADHpWt",2018-10-01 10:06:53,https://twitter.com/NWS/status/1046763384279052290,35,14,https://pbs.twimg.com/media/DobZrjfXgAIivdW.jpg,1
147,"Like my headphones after my kid got ahold of them, today's weather comes to you in 3 parts... 1) Tropical moisture from # Rosa overspreads the southwest with several inches possible through Wed. creating dangerous flash flooding, debris flows, and landslides. # TurnAroundDontDrownpic.twitter.com/rF0vSQW8dt",2018-10-01 10:05:38,https://twitter.com/NWS/status/1046763071274987521,129,24,https://pbs.twimg.com/media/DobYX2AWsAAn3-X.jpg,-1
148,"Here are the latest key messages with Hurricane Rosa for the Southwestern United States, as heavy to excessive rainfall with flooding is likely early this week. # Rosapic.twitter.com/VtOETD5Eal",2018-09-30 11:08:15,https://twitter.com/NWS/status/1046416439396241409,102,86,https://pbs.twimg.com/media/DoWdF2gX0AYxV64.jpg,1
149,"Here is a comprehensive tween on Hurricane Rosa by our colleagues @ NWSOPC, including forecast track, key messages, precipitation forecast and satellite loop. The next advisory from @ NWSNHC will be issued at 11am EDT. # Rosahttps://twitter.com/NWSOPC/status/1046377911106904065 …",2018-09-30 08:49:59,https://twitter.com/NWS/status/1046381645153087488,86,62,,0
150,"Here is a look at high temperatures on Sunday across the country. Very warm and mild across the southern tier of the country, while the northern tier will see some below average temperatures.pic.twitter.com/E3tpeMU1mB",2018-09-30 08:09:26,https://twitter.com/NWS/status/1046371439765581825,65,20,https://pbs.twimg.com/media/DoVwJSEXcAAFOb6.jpg,1
151,Hurricane Rosa in the Eastern Pacific is expected to become a heavy rain threat to the Desert Southwest by Monday.https://twitter.com/NHC_Pacific/status/1046153035595108352 …,2018-09-29 17:53:35,https://twitter.com/NWS/status/1046156056924172289,71,42,,-1
152,"9/29/2009: # Tsunami killed 192, brought destruction to Samoa, American Samoa & Tonga. Knowledge saved lives! http://weather.gov/tsunamisafety pic.twitter.com/gVg2x8OxJO",2018-09-29 11:38:00,https://twitter.com/NWS/status/1046061538606370816,75,36,,-1
153,"Hurricane Rosa will continue to weaken, but will likely make landfall over northern Mexico early next week as a Tropical Storm. Heavy rainfall and flooding will become likely early to mid next week over the Desert Southwest, possibly into the Rockies.",2018-09-28 21:54:40,https://twitter.com/NWS/status/1045854338969735169,83,47,,0
154,"Thanks for joining us during our part of National Preparedness Month! By connecting with weather and safety information and informing others as well, you can be a piece of our Weather-Ready Nation puzzle! http://weather.gov/wrn # PrepareNow # NatlPrep # WeatherReadypic.twitter.com/vqzYRBXPzr",2018-09-28 17:15:00,https://twitter.com/NWS/status/1045783960108888064,35,17,https://pbs.twimg.com/media/DnnOAApWsAAP9RB.jpg,1
155,"Our offices in the Southwest US are keeping a close eye on # Rosa, and what impacts moisture from the system could bring to the area. Check out the latest for your area at http://weather.gov https://twitter.com/NWSElPaso/status/1045699212917297154 …",2018-09-28 11:48:36,https://twitter.com/NWS/status/1045701817575919618,64,34,,1
156,There are so many resources to make it easy to be # WeatherReady! Take a step further and join the ranks of over 7000 organizations and be a piece of the Weather-Ready puzzle. Learn more about being a Weather-Ready Nation Ambassador: https://www.weather.gov/wrn/ambassadors . # PrepareNow # NatlPreppic.twitter.com/Dr3Ln4BbTh,2018-09-28 09:14:00,https://twitter.com/NWS/status/1045662912046481408,39,35,https://pbs.twimg.com/media/DnnN0WTXsAA5J8M.jpg,1
157,"Hurricane Rosa, likely to bring heavy rain and flood threat to the Desert Southwest next week.pic.twitter.com/tpbxrpsTkq",2018-09-27 22:35:06,https://twitter.com/NWS/status/1045502127475503104,194,130,https://pbs.twimg.com/media/DoJeoBLWkAEPTIx.jpg,-1
158,"Our fall safety campaign began on September 1! Hazards for this season include floods, fog, wind, hurricanes, winter precipitation, and wildfires. Equip yourself to stay safe and make sure your family has a plan. https://www.weather.gov/wrn/fall-safety # PrepareNow # NatlPrep # WeatherReadypic.twitter.com/PEx5qYe7Gz",2018-09-27 17:13:00,https://twitter.com/NWS/status/1045421068326850560,95,71,https://pbs.twimg.com/media/DnnNqb9X0AAO85N.png,1
159,"NOAA analysis finds significantly higher rainfall frequency values in parts of Texas, redefining the amount of rainfall it takes to qualify as a 100-year or 500-year event. http://www.noaa.gov/media-release/noaa-updates-texas-rainfall-frequency-values …pic.twitter.com/bY9FtLiMDB",2018-09-27 11:30:33,https://twitter.com/NWS/status/1045334887753043968,80,66,https://pbs.twimg.com/media/DoHB5xFUcAA637B.jpg,1
160,How can you stay safe during hazardous weather? The next piece of our Weather-Ready puzzle is to learn all about weather safety. Check out https://www.weather.gov/safetycampaign to find safety tips for each season of the year! # PrepareNow # NatlPrep # WeatherReadypic.twitter.com/C38WNNtYQJ,2018-09-27 10:12:00,https://twitter.com/NWS/status/1045315120220397568,27,20,https://pbs.twimg.com/media/DnnNbK8XcAAwaJp.jpg,1
161,High elevation snow and much below normal temperatures will continue along the Northern Tier as a Canadian front moves south. Gusty winds across portions of the west will keep fire weather threats elevated-to-critical. Heavy rain continues in the Appalachians.pic.twitter.com/xFYEjQdFAt,2018-09-26 21:38:23,https://twitter.com/NWS/status/1045125467076997120,67,35,https://pbs.twimg.com/media/DoEENfFU8AAZRZ4.jpg,1
162,"Hurricane Hunters discovered the pressure has risen in Kirk, which means it's weakened a little, but is still considered a Tropical Storm. Shear is forecast to increase within the next 24 hours, and Kirk is expected to dissipate within the next 5 days.https://twitter.com/NHC_Atlantic/status/1045097700151234560 …",2018-09-26 21:13:41,https://twitter.com/NWS/status/1045119251823120384,65,40,,-1
163,"Southwestern states. Stay tuned to your local forecast office at http://weather.gov , and the National Hurricane Center at http://nhc.noaa.gov for the latest information on expected impacts from # Rosa.https://twitter.com/NWSVegas/status/1045088885490044929 …",2018-09-26 21:06:37,https://twitter.com/NWS/status/1045117473090097153,53,37,,1
164,"Staying connected by finding your local NWS Weather Forecast Office on social media, is another piece of the Weather-Ready puzzle! Learn more about how to connect at https://www.weather.gov/socialmedia . # PrepareNow # NatlPrep # WeatherReadypic.twitter.com/Yqgo9GKhTj",2018-09-26 18:11:00,https://twitter.com/NWS/status/1045073276613980160,18,3,https://pbs.twimg.com/media/DnnNNwJW0AAiY-B.jpg,1
165,"Exactly one week from when we hit ""send"" on this - Wednesday, Oct 3 at 2:18 pm EDT - there will be a national test of the Wireless Emergency Alert (WEA) system. A test message will be sent to cell phones connected to wireless providers participating in WEA http://fema.gov/emergency-alert-test …pic.twitter.com/eVTmPecfRn",2018-09-26 14:18:00,https://twitter.com/NWS/status/1045014640328142848,97,113,https://pbs.twimg.com/media/DoCZmJSXkAETp_N.png,1
166,Feel cooler than yesterday where you are? You're definitely not alone. A good portion of the US is cooler and drier today behind a cold front still pushing southward. Get your latest local forecast at http://weather.gov # WednesdayWisdompic.twitter.com/o01QdZPEOY,2018-09-26 13:27:15,https://twitter.com/NWS/status/1045001870526337027,82,45,https://pbs.twimg.com/media/DoCXk72WkAAXElC.jpg,1
167,"The next piece to our # WeatherReady puzzle are Wireless Emergency Alerts! WEA are emergency messages sent by authorized government alerting authorities through your mobile carrier, and are vital severe weather alerts based on location http://weather.gov/wrn/wea # PrepareNow # NatlPreppic.twitter.com/XrHjmznxUE",2018-09-26 10:11:00,https://twitter.com/NWS/status/1044952480830943232,31,18,https://pbs.twimg.com/media/DnnM-OBWwAAp502.jpg,1
168,A good reminder that rip currents aren't just an ocean hazard. Many Great Lakes beaches are seeing dangerous conditions today as well. Check the latest at http://weather.gov/beach https://twitter.com/NWSIWX/status/1044930598530437120 …,2018-09-26 09:49:31,https://twitter.com/NWS/status/1044947075807555584,48,29,,1
169,"Scattered damaging winds are possible across the Northeast States between about 2 to 10 PM EDT. A couple tornadoes may also occur, mainly centered on western New England between 3 to 8 PM EDT. Visit http://weather.gov for the latest.pic.twitter.com/pbTeF9imuv",2018-09-26 09:46:53,https://twitter.com/NWS/status/1044946412147027968,46,41,https://pbs.twimg.com/media/DoBlGq_XUAAj2ix.jpg,1
170,This shows how a rip current can pull its victims straight away from the shoreline...and why it's important to swim parallel to the beach to escape one. Lots of rip current issues along the East Coast today. Check http://weather.gov/beach before you head out.pic.twitter.com/Xp4i5eNCyW,2018-09-26 08:34:32,https://twitter.com/NWS/status/1044928204664958976,404,268,,1
171,"A disturbance off The Carolina coastline will bring showers, thunderstorms, and dangerous surf conditions, including rip currents. The remnants of Kirk east of the Windward Islands may reform in the next day or two. The remnants of Leslie may reform later this week.pic.twitter.com/UDOywn3bQC",2018-09-25 20:26:30,https://twitter.com/NWS/status/1044744989585154048,126,93,https://pbs.twimg.com/media/Dn-slWVXcAA37Gh.jpg,-1
172,"Periods of heavy rain continues across central KY and New England with potential for flooding and flash flooding. In the Upper Midwest, a well organized line of thunderstorms along a cold front may produce damaging winds and isolated tornadoes.pic.twitter.com/wYKm66yZj3",2018-09-25 20:15:22,https://twitter.com/NWS/status/1044742187290939393,37,27,https://pbs.twimg.com/media/Dn-rH0nXcAELXi6.jpg,-1
173,One of our Weather-Ready puzzle pieces is to have multiple ways to receive weather alerts. Receiving warnings for dangerous weather events. Stay # WeatherReady by knowing your options: http://youtu.be/ZqmguEWojYw # PrepareNow # NatlPrep,2018-09-25 11:10:00,https://twitter.com/NWS/status/1044604942013657088,51,32,,-1
174,"Scattered severe storms with damaging winds as the primary hazard may develop in eastern Iowa and spread east across northern Illinois this afternoon, into southern Lower Michigan and northern portions of Indiana and Ohio this evening.pic.twitter.com/FFQ1sEQvPs",2018-09-25 08:52:24,https://twitter.com/NWS/status/1044570311822389253,47,32,https://pbs.twimg.com/media/Dn8PHb8W0AApFRr.jpg,1
175,Flooding/flash flooding will be possible across portions of the Mid-MS to lower OH valleys into central KY/TN through early evening.pic.twitter.com/W02l0BBmhS,2018-09-24 18:59:11,https://twitter.com/NWS/status/1044360627274354688,23,10,https://pbs.twimg.com/media/Dn5QRdpU4AA7J3l.jpg,1
176,Trying to decide if you need an umbrella or a jacket? Check out the hourly weather graph to get the hourly forecast https://www.weather.gov/wrn/hourly-weather-graph …. Pass this along to a friend so they aren’t caught unaware! # PrepareNow # NatlPrep # WeatherReadypic.twitter.com/5ivKzyVq1B,2018-09-24 17:08:00,https://twitter.com/NWS/status/1044332646418063360,78,27,https://pbs.twimg.com/media/DnnMe3zW0AA9rQZ.jpg,0
177,"We know you’re often on the go, so get weather at your fingertips on your phone! Check out our mobile site https://www.weather.gov/wrn/mobile-phone … for instructions on how to easily access the NWS forecast on your phone. # PrepareNow # NatlPrep # WeatherReadypic.twitter.com/jXpmEliKYr",2018-09-24 11:08:00,https://twitter.com/NWS/status/1044242051896770560,44,33,https://pbs.twimg.com/media/DnnMVNhX4AAX6cT.jpg,1
178,"Numerous red flag warnings are in effect across portions of Nevada, Utah, and Wyoming due to an elevated to critical fire weather threat.pic.twitter.com/2zh7a7rIby",2018-09-23 15:45:06,https://twitter.com/NWS/status/1043949396675760128,59,40,https://pbs.twimg.com/media/DnzY_daXcAENYYk.jpg,-1
179,Showers and thunderstorms are expected to become more widespread and concentrated in nature this afternoon and evening and will likely result in some flash flooding.pic.twitter.com/X0E6SOMTBk,2018-09-23 15:36:01,https://twitter.com/NWS/status/1043947111799291904,45,27,https://pbs.twimg.com/media/DnzYR0FXcAAgZPN.jpg,1
180,Subtropical Storm Leslie has formed in the Atlantic. The system is expected to be short lived and remain no threat to land.pic.twitter.com/0dAyn0Aflj,2018-09-23 11:40:54,https://twitter.com/NWS/status/1043887943239241729,140,46,https://pbs.twimg.com/media/Dnyii2yXgAAtMU-.jpg,-1
181,"Even though it's the 1st day of fall, the Atlantic remains active with tropical systems. Tropical Storm Kirk, Depression 11 and two disturbances are active via @ NWSNHC . Keep an eye on disturbance 1, south of Bermuda, which has a medium chance for development and may track west.pic.twitter.com/Rv2NanbnfH",2018-09-22 19:46:32,https://twitter.com/NWS/status/1043647766680035329,192,145,https://pbs.twimg.com/media/DnvFEknW4AEZiN_.jpg,-1
182,Were you ready for summer to end and happy it's the first day of fall? Curious what the next 3 months will be like with the weather? Well our colleagues at the Climate Prediction Center issued their 3-month outlook for the rest of 2018 (October-December) on Thursday. Enjoy! # fallpic.twitter.com/aTLm6kcoxS,2018-09-22 18:03:44,https://twitter.com/NWS/status/1043621897018245120,197,108,https://pbs.twimg.com/media/DnuuYLxWkAA_Bxc.jpg,1
183,Learn how to connect with weather resources and share them with friends! Follow along next week as we take part in National Preparedness Month and learn how you can be a piece of the Weather-Ready puzzle! http://weather.gov/wrn # PrepareNow # NatlPrep # WeatherReadypic.twitter.com/O4p9J2G6dM,2018-09-22 13:25:00,https://twitter.com/NWS/status/1043551751092232198,51,36,https://pbs.twimg.com/media/DnoiypVUcAA-cVE.jpg,1
184,Tropical Storm Kirk has formed well south of the Cabo Verde Islands and is expected to move quickly westward across the deep tropical Atlantic Ocean Sunday through Tuesday.pic.twitter.com/pSM8lDSf3a,2018-09-22 11:32:15,https://twitter.com/NWS/status/1043523376160100352,263,199,https://pbs.twimg.com/media/DntWowAWsAAsinp.jpg,1
185,"Much of the Great Basin to the Wyoming Front Range are under an elevated fire danger threat, and a few areas may see locally to widespread critical surface fire weather conditions through the weekend. https://www.weather.gov/safety/wildfire pic.twitter.com/XcC8rEwPH8",2018-09-22 09:58:34,https://twitter.com/NWS/status/1043499802506485760,28,23,https://pbs.twimg.com/media/DntBXT7XgAAHkXZ.jpg,1
186,Widespread heavy rain and flash flooding are occurring in parts of the Southern Plains and Lower Mississippi Valley. The threat will extend into the Ohio Valley through the weekend. # TurnAroundDontDrownpic.twitter.com/krMI24zJn2,2018-09-22 08:26:40,https://twitter.com/NWS/status/1043476672912199681,40,31,https://pbs.twimg.com/media/Dnsrv1bXgAAE8ca.jpg,-1
187,"The torrential heavy rain across OK and TX will persist through Saturday morning, as a high risk for excessive rainfall remains in effect. This heavy rainfall will slide into the Lower MS Valley and parts of the OH/TN Valleys, though intensity/amounts should be lighter. # floodingpic.twitter.com/12KATlB2Bc",2018-09-21 19:21:28,https://twitter.com/NWS/status/1043279069868175360,64,48,https://pbs.twimg.com/media/Dnp3w9hXsAMWEAJ.jpg,1
188,Severe thunderstorms are advancing along a rapidly moving cold front into western Pennsylvania this evening. Our colleagues @ NWSPittsburgh just issued a thunderstorm warning for the northern suburbs of the great city of Pittsburgh. # severeweatherhttps://twitter.com/NWSPittsburgh/status/1043276005505413120 …,2018-09-21 19:16:35,https://twitter.com/NWS/status/1043277841020923904,18,10,,1
189,"NOAA Planet Stewards and NESTA (the National Earth Science Teachers Association) will be presenting a four part Elementary School Level Earth Science Webinar Series - September 24-27, 3:30-5:00 pm Eastern Time. Register for these webinars at: https://oceanservice.noaa.gov/education/planet-stewards/upcoming.html#webinars1 …pic.twitter.com/WPn66u77Eb",2018-09-21 16:00:00,https://twitter.com/NWS/status/1043228371956760577,15,10,https://pbs.twimg.com/media/DnouQTJX0AIOC6c.jpg,1
190,One of the # GOESEast satellite bands shows the water vapor associated with widespread showers and thunderstorms that are producing flash flooding in Oklahoma and Texas this afternoon. https://www.star.nesdis.noaa.gov/GOES/index.php pic.twitter.com/Bo6EVeB1XP,2018-09-21 13:29:36,https://twitter.com/NWS/status/1043190522154823680,69,32,,0
191,Our @ NWSNorman office has issued a Flash Flood Emergency for the Fittstown...Jesse...and Stonewall areas in Oklahoma. There are several other Flash Flood Warnings in TX and OK. Take this flooding situation seriously and don't ever walk or drive through flooded roads. # okwx # txwxpic.twitter.com/gh1iA04YW7,2018-09-21 12:58:41,https://twitter.com/NWS/status/1043182742924607488,32,22,https://pbs.twimg.com/media/DnoftT5VAAAcZ86.jpg,1
192,Fall begins tomorrow at 9:54 pm EDT.pic.twitter.com/VbP8v6qEtC,2018-09-21 11:33:08,https://twitter.com/NWS/status/1043161212761120769,1672,983,https://pbs.twimg.com/media/DnoLI34U0AAnzVP.jpg,0
193,There is ongoing flash flooding in Texas and Oklahoma and a Moderate Risk for excessive rainfall - https://www.wpc.ncep.noaa.gov/#page=ero Get your local forecast at - http://weather.gov pic.twitter.com/NsQDiC9yK9,2018-09-21 09:51:47,https://twitter.com/NWS/status/1043135707475312640,26,22,https://pbs.twimg.com/media/Dnn1m7FU8AIOXxN.jpg,-1
194,"There is an Enhanced Risk of severe across portions of Ohio, Pennsylvania and New York today - https://spc.noaa.gov pic.twitter.com/KAWcC1m06F",2018-09-21 09:48:03,https://twitter.com/NWS/status/1043134767586336768,16,7,https://pbs.twimg.com/media/Dnn0hn1UUAEIX-c.jpg,1
195,Much cooler temperatures are being felt behind a cold this morning across several states this morning. Areas out ahead of this cooler air will be the focus for severe weather across the Ohio Valley and portions of the Great Lakes...and flash flooding across Texas and Oklahoma.pic.twitter.com/ukVSAWRzE2,2018-09-21 09:43:17,https://twitter.com/NWS/status/1043133564991275009,53,17,https://pbs.twimg.com/media/DnnypvOUYAAnkLk.jpg,0
196,"A cold front will trigger severe weather (above) from the Upper MS Valley to Great Lakes through Friday with the main threat both days being wind damage. Meanwhile, the tail end of this front will produce heavy to excessive rainfall across the southern Plains into Saturday.pic.twitter.com/GUjnvkJHDo",2018-09-20 18:45:02,https://twitter.com/NWS/status/1042907515795787777,66,40,https://pbs.twimg.com/media/DnkkVZYWwAALv11.jpg,-1
197,"Live, work or play on the coast? Know your # tsunami risk & evacuation zones. https://nws.weather.gov/nthmp/maps.html # TsunamiPreppic.twitter.com/3JLldZ7vTg",2018-09-20 16:45:00,https://twitter.com/NWS/status/1042877306912624640,25,11,https://pbs.twimg.com/media/Dne5IROXsAY12vi.jpg,1
198,"Learn all about the science of river flooding with this graphic, and visit http://weather.gov/jetstream/flood for more # FloodSciencepic.twitter.com/sSjSnexs8a",2018-09-20 14:18:00,https://twitter.com/NWS/status/1042840313725894662,34,34,https://pbs.twimg.com/media/DniFDyqVYAAf4SO.jpg,1
199,"Florence analysis confirms extreme 3-day rainfall amounts exceeded 0.1% probability event expected in given year, or “1000-year” event. http://www.nws.noaa.gov/oh/hdsc/aep_storm_analysis/index.html … # Florencepic.twitter.com/tRhNl7vobs",2018-09-20 13:07:31,https://twitter.com/NWS/status/1042822577008328704,256,242,https://pbs.twimg.com/media/DnjZiUVV4AAImiQ.jpg,-1
200,NOAA’s latest seasonal outlook predicts warmer-than-average temps for nearly all of the country from during for Oct-Dec this year. Check it out: http://www.cpc.ncep.noaa.gov/ pic.twitter.com/W4pBGTYhcZ,2018-09-20 11:49:37,https://twitter.com/NWS/status/1042802970562371584,90,84,https://pbs.twimg.com/media/DnjHw7hUwAAX-O9.jpg,1
201,Upper reaches of Carolina rivers are cresting but prolonged river flooding is forecast along the lower reaches. @ nwsserfc # capefear # peedee # neuse # lumber # waccamawpic.twitter.com/zKKI8W4TG9,2018-09-20 11:16:24,https://twitter.com/NWS/status/1042794611746455557,31,37,https://pbs.twimg.com/media/DnjABueUcAAzkcB.jpg,0
202,Let’s learn about # NWSCitizenScience opportunities! Become a trained Skywarn storm spotter and help keep your community safe and build a # WeatherReady Nation! http://nws.noaa.gov/skywarn/ # CitizenSciencepic.twitter.com/aynxodE3p5,2018-09-20 10:17:00,https://twitter.com/NWS/status/1042779663427203072,81,51,https://pbs.twimg.com/media/DniE1wzUYAYznmG.jpg,1
203,Working with our Weather-Ready Nation Ambassadors to build a # WeatherReady Nation for all!https://twitter.com/WRNAmbassadors/status/1042747731872235520 …,2018-09-20 08:26:46,https://twitter.com/NWS/status/1042751922636304384,40,12,,1
204,Severe weather and a threat for flash flooding across the Upper Midwest. Moderate risk for flash flooding in over central Oklahoma on Friday into the overnight hours. For more information visit https://www.wpc.ncep.noaa.gov/ pic.twitter.com/Q332BBdDzS,2018-09-20 06:56:24,https://twitter.com/NWS/status/1042729180209799168,38,37,https://pbs.twimg.com/media/DniEpf8U8AAtRp4.jpg,1
